{"cameraMode":{"drawMode":0,"name":"Shaded","section":"Shading Mode"},"sceneLighting":true,"audioPlay":false,"sceneViewState":{"m_AlwaysRefresh":false,"showFog":true,"showSkybox":true,"showFlares":true,"showImageEffects":true,"showParticleSystems":true,"showVisualEffectGraphs":true,"m_FxEnabled":true},"in2DMode":false,"pivot":{"x":31.256620407104493,"y":-34.08826446533203,"z":223.05621337890626},"rotation":{"x":0.08097749203443527,"y":0.07647813856601715,"z":-0.006301116198301315,"w":0.9937678575515747},"size":128.99612426757813,"orthographic":false}